onset	duration	value	trial_type
26.402366298760175	18	1	objects
44.04926923796302	18	1	faces
62.04926923796302	18	1	checkerboard
97.53070888320508	18	1	checkerboard
116.77597453229828	18	1	faces
134.7771103830746	18	1	objects
205.53642548559583	18	1	checkerboard
224.68595778819872	18	1	faces
260.7538733395195	18	1	faces
278.8050379429478	18	1	objects
295.5679838335054	18	1	checkerboard
