onset	duration	value	trial_type
26.47399143222719	18	1	objects
44.10632792953402	18	1	faces
62.10632792953402	18	1	checkerboard
97.5308467745781	18	1	checkerboard
116.85737326159142	18	1	faces
134.82733732135966	18	1	objects
205.53739189589396	18	1	checkerboard
224.7621241696179	18	1	faces
260.75674711726606	18	1	faces
278.8233877825551	18	1	objects
295.5665155048482	18	1	checkerboard
